№;Наименование;Кол-во;Тип;Модуль
1;01_Боковина_левая_B-C;1;деталь;B+C
2;02_Боковина_правая_B-C;1;деталь;B+C
3;03_Дно_B;1;деталь;B
4;03_Дно_C;1;деталь;C
5;04_Полка-перекрытие_B;1;деталь;B
6;04_Полка-перекрытие_C;1;деталь;C
7;05_Перегородка_B-C_сервисная;1;деталь;B+C
8;06_Задняя_внутр_B;1;деталь;B+C
9;07_Задняя_внутр_C;1;деталь;B+C
10;08_Задняя_наружная_B-C;1;деталь;B+C
11;09_Опора_демпферная_1;4;фурнитура;B+C
12;09_Опора_демпферная_2;4;фурнитура;B+C
13;09_Опора_демпферная_3;4;фурнитура;B+C
14;09_Опора_демпферная_4;4;фурнитура;B+C
15;46_Цоколь_передний;1;фурнитура;B+C
16;47_LED_подсветка_цоколя;1;фурнитура;B+C
17;48_LED_подсветка_B;1;фурнитура;B
18;59_Гермоввод_воздух_100;1;фурнитура;B+C
19;59_Гермоввод_вода_40;1;фурнитура;B+C
20;59_Гермоввод_слаботочка_25;3;фурнитура;B+C
21;59_Гермоввод_силовой_20;1;фурнитура;B+C
22;10_Дверь_B;1;деталь;B
23;53_Вкладыш_MLV_B;1;фурнитура;B
24;54_Вкладыш_минваты_B;1;фурнитура;B
25;10_Дверь_C1;1;деталь;C
26;55_Вкладыш_MLV_C1;1;фурнитура;C
27;56_Вкладыш_минваты_C1;1;фурнитура;C
28;10_Дверь_C2;1;деталь;C
29;57_Вкладыш_MLV_C2;1;фурнитура;C
30;58_Вкладыш_минваты_C2;1;фурнитура;C
31;60_Органайзер_двери_B;1;фурнитура;B
32;61_Карман_органайзера_1;3;фурнитура;B
33;61_Карман_органайзера_2;3;фурнитура;B
34;61_Карман_органайзера_3;3;фурнитура;B
35;11_Фасад_ящика_бака;1;деталь;B
36;12_Фасад_ящика_сервиса;1;деталь;B
37;13_Фасад_секрет-бокса;1;деталь;B
38;14_Фасад_верх_B_газлифты;1;деталь;B
39;15_Фасад_A;1;деталь;A
40;64_Вкладыш_MLV_A;1;фурнитура;A
41;65_Вкладыш_минваты_A;1;фурнитура;A
42;42_Боковина_A_левая;1;деталь;A
43;43_Боковина_A_правая;1;деталь;A
44;44_Крышка_A;1;деталь;A
45;45_Задняя_A;1;деталь;A
46;16_Корпус_фильтра_SF4;1;оборудование;A
47;17_Вентилятор_SF4;1;оборудование;A
48;18_Шумоглушитель;1;оборудование;A
49;19_Пленум_выходной;1;оборудование;A
50;20_Решётка_400x300;1;фурнитура;A
51;21_Поддон_EVA;1;оборудование;C
52;22_Платформа_выкатная;1;деталь;C
53;23_Горшок_15л_1;2;оборудование;C
54;23_Горшок_15л_2;2;оборудование;C
55;24_SCROG_V-рамка_уровень_1;4;деталь;C
56;24_SCROG_V-рамка_уровень_2;4;деталь;C
57;24_SCROG_V-рамка_уровень_3;4;деталь;C
58;24_SCROG_V-рамка_уровень_4;4;деталь;C
59;25_SE3000;1;оборудование;C
60;26_UV30_IR16_бар_1;2;оборудование;C
61;26_UV30_IR16_бар_2;2;оборудование;C
62;27_Роликовый_подвес_1;4;фурнитура;C
63;27_Роликовый_подвес_2;4;фурнитура;C
64;27_Роликовый_подвес_3;4;фурнитура;C
65;27_Роликовый_подвес_4;4;фурнитура;C
66;28_SensorPro;1;оборудование;C
67;29_Ящик_бака;1;деталь;B
68;30_Ящик_сервисный;1;деталь;B
69;31_Бак_рабочий_20л;1;оборудование;B
70;62_Крышка_бака_рабочего;1;фурнитура;B
71;32_Насос_полива_компрессор;1;оборудование;B
72;33_Полка_секрет-бокса;1;деталь;B
73;34_Увлажнитель_SF_5л;1;оборудование;B
74;35_Панель_DIN_съёмная;1;деталь;B
75;36_GGS_Controller;1;оборудование;B
76;37_AC10_1;2;оборудование;B
77;37_AC10_2;2;оборудование;B
78;38_ИБП_600ВА;1;оборудование;B
79;39_Полка_резервного_бака;1;деталь;B
80;40_Рама_полки_30x30_1;4;деталь;B
81;40_Рама_полки_30x30_2;4;деталь;B
82;40_Рама_полки_30x30_3;4;деталь;B
83;40_Рама_полки_30x30_4;4;деталь;B
84;41_Бак_резервный_20л;1;оборудование;B
85;63_Крышка_бака_резервного;1;фурнитура;B
