№;Деталь;L, мм;W, мм;T, мм;Кол-во;Материал;Модуль
1;01_Боковина_левая_B-C;700;1700;18;1;ЛДСП 18;B+C
2;02_Боковина_правая_B-C;700;1700;18;1;ЛДСП 18;B+C
3;03_Дно_B;418;700;18;1;ЛДСП 18;B
4;03_Дно_C;796;700;18;1;ЛДСП 18;C
5;04_Полка-перекрытие_B;418;700;18;1;ЛДСП 18;B
6;04_Полка-перекрытие_C;796;700;18;1;ЛДСП 18;C
7;05_Перегородка_B-C_сервисная;600;1664;18;1;ЛДСП 18;B+C
8;06_Задняя_внутр_B;400;1664;12;1;Фанера 12;B+C
9;07_Задняя_внутр_C;796;1664;12;1;Фанера 12;B+C
10;08_Задняя_наружная_B-C;1214;1664;8;1;Оргалит 8;B+C
15;10_Дверь_B_тех-колонна;434;1700;18;1;ЛДСП 18 (Blum Clip ×3, петли слева, Push-to-Open);B
16;10_Дверь_C_камера;814;1700;18;1;ЛДСП 18 (Blum Clip ×5, петли справа, Push-to-Open);C
17;11_Фасад_ящика_бака;428;500;18;1;ЛДСП 18 (внутренний, за дверью B);B
18;12_Фасад_ящика_сервиса;428;280;18;1;ЛДСП 18 (внутренний, за дверью B);B
19;13_Фасад_секрет-бокса;428;260;18;1;ЛДСП 18 (внутренний, за дверью B);B
20;14_Фасад_верх_B_газлифты;428;320;18;1;ЛДСП 18 (внутренний, газлифты ×2);B
21;15_Фасад_A;1250;300;18;1;ЛДСП 18 (газлифты ×2, сервис фильтра);A
22;42_Боковина_A_левая;700;300;18;1;ЛДСП 18;A
23;43_Боковина_A_правая;700;300;18;1;ЛДСП 18;A
24;44_Крышка_A;1214;700;18;1;ЛДСП 18;A
25;45_Задняя_A;1214;300;8;1;Оргалит 8;A
32;22_Платформа_выкатная;750;590;20;1;Сетка + рама, направляющие Tandem;C
47;29_Ящик_бака;374;550;12;1;ЛДСП 12 + Blum Tandem 500;B
48;30_Ящик_сервисный;374;550;12;1;ЛДСП 12 + Blum Tandem 500;B
51;33_Полка_секрет-бокса;400;600;18;1;ЛДСП 18;B
53;35_Панель_DIN_съёмная;400;340;10;1;Фанера 10 (съёмная, сервис без инструмента);B
58;39_Полка_резервного_бака;400;600;18;1;ЛДСП 18 + рама 30×30;B
