Имя в STEP (латиница);Русское наименование;Модуль;Тип
01_Bokovina_levaya_B-C;01_Боковина_левая_B-C;B+C;деталь
02_Bokovina_pravaya_B-C;02_Боковина_правая_B-C;B+C;деталь
03_Dno_B;03_Дно_B;B;деталь
03_Dno_C;03_Дно_C;C;деталь
04_Polka-perekrytie_B;04_Полка-перекрытие_B;B;деталь
04_Polka-perekrytie_C;04_Полка-перекрытие_C;C;деталь
05_Peregorodka_B-C_servisnaya;05_Перегородка_B-C_сервисная;B+C;деталь
06_Zadnyaya_vnutr_B;06_Задняя_внутр_B;B+C;деталь
07_Zadnyaya_vnutr_C;07_Задняя_внутр_C;B+C;деталь
08_Zadnyaya_naruzhnaya_B-C;08_Задняя_наружная_B-C;B+C;деталь
09_Opora_dempfernaya_1;09_Опора_демпферная_1;B+C;фурнитура
09_Opora_dempfernaya_2;09_Опора_демпферная_2;B+C;фурнитура
09_Opora_dempfernaya_3;09_Опора_демпферная_3;B+C;фурнитура
09_Opora_dempfernaya_4;09_Опора_демпферная_4;B+C;фурнитура
10_Dver_B_teh-kolonna;10_Дверь_B_тех-колонна;B;деталь
10_Dver_C_kamera;10_Дверь_C_камера;C;деталь
11_Fasad_yaschika_baka;11_Фасад_ящика_бака;B;деталь
12_Fasad_yaschika_servisa;12_Фасад_ящика_сервиса;B;деталь
13_Fasad_sekret-boksa;13_Фасад_секрет-бокса;B;деталь
14_Fasad_verh_B_gazlifty;14_Фасад_верх_B_газлифты;B;деталь
15_Fasad_A;15_Фасад_A;A;деталь
42_Bokovina_A_levaya;42_Боковина_A_левая;A;деталь
43_Bokovina_A_pravaya;43_Боковина_A_правая;A;деталь
44_Kryshka_A;44_Крышка_A;A;деталь
45_Zadnyaya_A;45_Задняя_A;A;деталь
16_Korpus_filtra_SF4;16_Корпус_фильтра_SF4;A;оборудование
17_Ventilyator_SF4;17_Вентилятор_SF4;A;оборудование
18_Shumoglushitel;18_Шумоглушитель;A;оборудование
19_Plenum_vyhodnoy;19_Пленум_выходной;A;оборудование
20_Reshetka_400x300;20_Решётка_400x300;A;фурнитура
21_Poddon_EVA;21_Поддон_EVA;C;оборудование
22_Platforma_vykatnaya;22_Платформа_выкатная;C;деталь
23_Gorshok_15l_1;23_Горшок_15л_1;C;оборудование
23_Gorshok_15l_2;23_Горшок_15л_2;C;оборудование
24_SCROG_V-ramka_uroven_1;24_SCROG_V-рамка_уровень_1;C;деталь
24_SCROG_V-ramka_uroven_2;24_SCROG_V-рамка_уровень_2;C;деталь
24_SCROG_V-ramka_uroven_3;24_SCROG_V-рамка_уровень_3;C;деталь
24_SCROG_V-ramka_uroven_4;24_SCROG_V-рамка_уровень_4;C;деталь
25_SE3000;25_SE3000;C;оборудование
26_UV30_IR16_bar_1;26_UV30_IR16_бар_1;C;оборудование
26_UV30_IR16_bar_2;26_UV30_IR16_бар_2;C;оборудование
27_Rolikovyy_podves_1;27_Роликовый_подвес_1;C;фурнитура
27_Rolikovyy_podves_2;27_Роликовый_подвес_2;C;фурнитура
27_Rolikovyy_podves_3;27_Роликовый_подвес_3;C;фурнитура
27_Rolikovyy_podves_4;27_Роликовый_подвес_4;C;фурнитура
28_SensorPro;28_SensorPro;C;оборудование
29_Yaschik_baka;29_Ящик_бака;B;деталь
30_Yaschik_servisnyy;30_Ящик_сервисный;B;деталь
31_Bak_rabochiy_20l;31_Бак_рабочий_20л;B;оборудование
32_Nasos_poliva_kompressor;32_Насос_полива_компрессор;B;оборудование
33_Polka_sekret-boksa;33_Полка_секрет-бокса;B;деталь
34_Uvlazhnitel_SF_5l;34_Увлажнитель_SF_5л;B;оборудование
35_Panel_DIN_semnaya;35_Панель_DIN_съёмная;B;деталь
36_GGS_Controller;36_GGS_Controller;B;оборудование
37_AC10_1;37_AC10_1;B;оборудование
37_AC10_2;37_AC10_2;B;оборудование
38_IBP_600VA;38_ИБП_600ВА;B;оборудование
39_Polka_rezervnogo_baka;39_Полка_резервного_бака;B;деталь
40_Rama_polki_30x30_1;40_Рама_полки_30x30_1;B;деталь
40_Rama_polki_30x30_2;40_Рама_полки_30x30_2;B;деталь
40_Rama_polki_30x30_3;40_Рама_полки_30x30_3;B;деталь
40_Rama_polki_30x30_4;40_Рама_полки_30x30_4;B;деталь
41_Bak_rezervnyy_20l;41_Бак_резервный_20л;B;оборудование
